subject,Age,Sex,elapsed,Site_of_Onset
649,48,Female,24.411345964297446,Onset: Bulbar
2956,63,Female,118.70550870660387,Onset: Limb
3085,36,Male,23.754243784908553,Onset: Bulbar
5936,55,Female,33.01938451429197,Onset: Bulbar
8480,75,Female,52.765305004928265,Onset: Limb
13165,58,Male,30.85094732230862,Onset: Limb
15511,37,Male,37.8162304238309,Onset: Limb
18424,55,Male,76.02672215529515,Onset: Limb
24428,34,Female,15.704742087394589,Onset: Bulbar
24571,43,Female,46.12857299310043,Onset: Limb
